"trial","ref_position","var_area","response","correct","rt"
1,"R",8.09736266732216,"L",FALSE,5.75399994850159
2,"R",9.42856059363112,"R",FALSE,0.986000061035156
3,"L",8.82850953144953,"R",FALSE,0.889000177383423
4,"L",9.36423718859442,"L",FALSE,0.983999967575073
5,"R",12.441399268806,"R",FALSE,0.791999816894531
6,"L",14.8656287060585,"L",FALSE,1.78900003433228
7,"L",13.6787674033549,"L",FALSE,0.883999586105347
8,"L",9.09782008850016,"L",FALSE,0.888000011444092
9,"L",13.3626600101124,"R",TRUE,0.883999824523926
10,"R",13.8420733450912,"R",FALSE,0.88700008392334
11,"L",14.0828725432511,"L",FALSE,0.786999940872192
12,"R",11.4322424225975,"L",TRUE,0.885000228881836
13,"L",8.66110586444847,"L",TRUE,0.884000301361084
14,"L",12.2542082667351,"L",FALSE,0.78600001335144
15,"L",13.3399805284571,"R",TRUE,0.78600001335144
16,"R",9.20593522884883,"R",FALSE,0.78600001335144
17,"L",12.9271023236215,"L",FALSE,0.988999843597412
18,"R",8.959723635111,"L",FALSE,0.88700008392334
19,"R",11.2969529563561,"L",TRUE,0.780999898910522
20,"L",11.7854730118997,"L",FALSE,0.691999912261963
21,"L",11.2493733805604,"R",TRUE,0.991999864578247
22,"R",13.9143040152267,"R",FALSE,0.888999938964844
23,"L",8.6977804703638,"L",TRUE,0.985999822616577
24,"L",9.95580393518321,"L",FALSE,0.986000061035156